{
    "rmse": 0.7155911569805552,
    "mae": 0.5677726052702522,
    "r2": 0.23427964156858372
}