{
    "rmse": 0.7595717086629639,
    "mae": 0.5748948911316276,
    "r2": 0.20486606863123702
}