{
    "rmse": 0.6610946571582519,
    "mae": 0.5100875962837036,
    "r2": 0.35963934692573385
}